expedition_id,sequence,route_id,period_from,period_to,command_basis,evidence_grade,evidence_scope,source_id,notes
EXP_GAMA_1497,1,R_LIS_STG,1497,1497,FLEET_COMMAND,A,NODE_DIRECT,ROTEIRO_GAMA_1497,"Saída de Lisboa em 8 de julho de 1497 e escala em São Thiago/baía de Santa Maria antes da grande volta do Atlântico Sul."
EXP_GAMA_1497,2,R_STG_SHB,1497,1497,FLEET_COMMAND,B,NODE_DIRECT,ROTEIRO_GAMA_1497|NEWITT_PEW,"Grande perna oceânica iniciada em 3 de agosto; a data precisa da chegada à baía de Santa Helena depende da reconstrução editorial do Roteiro."
EXP_GAMA_1497,3,R_SHB_CGH,1497,1497,FLEET_COMMAND,A,NODE_DIRECT,ROTEIRO_GAMA_1497,"Depois da permanência na baía de Santa Helena, a armada avançou para o Cabo; o Roteiro distingue avistamento, tentativa frustrada por vento e dobragem."
EXP_GAMA_1497,4,R_CGH_SBR,1497,1497,FLEET_COMMAND,A,NODE_DIRECT,ROTEIRO_GAMA_1497,"Do Cabo para a angra de São Brás, alcançada em 25 de novembro."
EXP_GAMA_1497,5,R_SBR_RCO,1497,1498,FLEET_COMMAND,B,NODE_DIRECT,ROTEIRO_GAMA_1497,"Trecho até o Rio do Cobre/Terra da Boa Gente; a identificação espacial moderna do destino permanece de baixa confiança."
EXP_GAMA_1497,6,R_RCO_RBS,1498,1498,FLEET_COMMAND,B,NODE_DIRECT,ROTEIRO_GAMA_1497,"Trecho costeiro até o Rio dos Bons Sinais; datas finas dependem em parte da reconstrução editorial da edição Ravenstein."
EXP_GAMA_1497,7,R_RBS_MOZ,1498,1498,FLEET_COMMAND,B,NODE_DIRECT,ROTEIRO_GAMA_1497,"Saída do Rio dos Bons Sinais após a longa permanência para água e reparos, seguindo até a Ilha de Moçambique."
EXP_GAMA_1497,8,R_MOZ_MOM,1498,1498,FLEET_COMMAND,A,NODE_DIRECT,SUBRAHMANYAM_PEA|ROTEIRO_GAMA_1497,"A armada deixou Moçambique e, após navegação pela costa suaíli, chegou a Mombaça em abril de 1498."
EXP_GAMA_1497,9,R_MOM_MAL,1498,1498,FLEET_COMMAND,A,NODE_DIRECT,SUBRAHMANYAM_PEA|ROTEIRO_GAMA_1497,"Passagem da armada de Mombaça para Melinde em abril de 1498."
EXP_GAMA_1497,10,R_MAL_CAL,1498,1498,FLEET_COMMAND,A,NODE_DIRECT,SUBRAHMANYAM_PEA,"Travessia Melinde-Calecute iniciada em 24 de abril de 1498; a armada utilizou piloto guzerate, modelado separadamente em pilots.csv."
EXP_GAMA_RETURN_1498,1,R_CAL_SMI,1498,1498,FLEET_COMMAND,A,NODE_DIRECT,ROTEIRO_GAMA_1497,"Saída de Calecute em 30 de agosto de 1498 e progressão costeira até os Ilhéus de Santa Maria, onde o Roteiro registra padrão e barcos trazendo peixe em 15 de setembro."
EXP_GAMA_RETURN_1498,2,R_SMI_ANJ,1498,1498,FLEET_COMMAND,A,NODE_DIRECT,ROTEIRO_GAMA_1497,"A armada deixou Santa Maria na mesma noite e alcançou Anjediva em 20 de setembro; a materialização deste trecho preserva a oportunidade alimentar documentada sem criar mercado."
EXP_GAMA_RETURN_1498,3,R_ANJ_MAL,1498,1499,FLEET_COMMAND,A,NODE_DIRECT,ROTEIRO_GAMA_1497,"Travessia de 94 dias até Melinde; a fonte registra doença severa, mortalidade e grande redução da capacidade de trabalho da tripulação."
EXP_GAMA_RETURN_1498,4,R_MAL_BSR,1499,1499,FLEET_COMMAND,B,NODE_DIRECT,ROTEIRO_GAMA_1497,"Trecho de Melinde aos Baixos de São Rafael, passando por Mombaça sem parada operacional de retorno."
EXP_GAMA_RETURN_1498,5,R_BSR_SBR,1499,1499,FLEET_COMMAND,B,NODE_DIRECT,ROTEIRO_GAMA_1497,"Depois da queima do São Rafael, os dois navios restantes seguem para sul; Zanzibar, São Jorge e Moçambique aparecem como referências intermediárias sem mercado inferido."
EXP_GAMA_RETURN_1498,6,R_SBR_CGH_RET,1499,1499,FLEET_COMMAND,B,NODE_DIRECT,ROTEIRO_GAMA_1497,"Retorno de São Brás ao Cabo; o resumo de Ravenstein usa 12 a 20 de março, embora a tentativa de 12 de março tenha sido frustrada pelo vento e exigido retorno à baía."
EXP_GAMA_RETURN_1498,7,R_CGH_BRG,1499,1499,FLEET_COMMAND,B,NODE_DIRECT,ROTEIRO_GAMA_1497,"Do Cabo aos Baixos do Rio Grande, alcançados em 25 de abril de 1499; encerra-se aqui o corpo narrativo do Roteiro."
EXP_CABRAL_1500,1,R_LIS_VCR_CAB,1500,1500,FLEET_COMMAND,A,NODE_DIRECT,CAMINHA_1500_ANTT|OLIVEIRA_COSTA_CABRAL_1500,"Primeira perna funcional P3: Lisboa até a âncora regional de Vera Cruz. Canárias e Cabo Verde permanecem referências narrativas, e as perdas/separações de embarcações são eventos documentais separados."
EXP_CABRAL_1500,2,R_VCR_MOZ_CAB,1500,1500,FLEET_COMMAND,A,NODE_DIRECT,OLIVEIRA_COSTA_CABRAL_1500,"Retomada da viagem em 2 de maio até a referência de Moçambique em 20 de julho. O Cabo permanece marco intermediário dos eventos de perda e separação, não escala operacional com data de partida inventada."
EXP_CABRAL_1500,3,R_MOZ_KIL_CAB,1500,1500,FLEET_COMMAND,B,NODE_DIRECT,OLIVEIRA_COSTA_CABRAL_1500,"Progressão de Moçambique a Quiloa entre 20 e 26 de julho. A reunião de seis embarcações em Quiloa é tratada como escala documental, sem converter o porto em mercado automático."
EXP_CABRAL_1500,4,R_KIL_MAL_CAB,1500,1500,FLEET_COMMAND,B,NODE_DIRECT,OLIVEIRA_COSTA_CABRAL_1500,"Partida de Quiloa em 29 de julho e chegada a Melinde em 2 de agosto. A obtenção posterior de dois pilotos guzerates é um evento documental separado."
EXP_CABRAL_1500,5,R_MAL_ANJ_CAB,1500,1500,FLEET_COMMAND,B,NODE_DIRECT,OLIVEIRA_COSTA_CABRAL_1500|GREENLEE_CABRAL_1938,"Partida de Melinde em 7 de agosto e chegada de trabalho a Anjediva em 22 de agosto. A data de chegada combina a cronologia da costa indiana com a identificação de Greenlee da terra alcançada."
EXP_CABRAL_1500,6,R_ANJ_CAL_CAB,1500,1500,FLEET_COMMAND,B,NODE_DIRECT,OLIVEIRA_COSTA_CABRAL_1500|GREENLEE_CABRAL_1938,"Saída operacional de Anjediva em 5 de setembro, derivada da permanência aproximada de duas semanas; chegada documental a Calecute em 13 de setembro."
EXP_CABRAL_1500,7,R_CAL_COC,1500,1500,FLEET_COMMAND,B,NODE_DIRECT,OLIVEIRA_COSTA_CABRAL_1500|SUBRAHMANYAM_PEA,"Após a ruptura em Calecute, a armada parte operacionalmente no limite superior da janela da crise, 18 de dezembro, e alcança Cochim em 24 de dezembro. A data de saída é derivada da janela documental e não é tratada como testemunho independente."
EXP_CABRAL_1500,8,R_COC_CAN_CAB,1501,1501,FLEET_COMMAND,A,NODE_DIRECT,OLIVEIRA_COSTA_CABRAL_1500|EVE_CANNANORE,"Após a permanência e carregamento em Cochim, Cabral deixa o porto em 9 de janeiro diante da aproximação da frota de Calecute e alcança Cananor em 15 de janeiro."
EXP_JOAO_NOVA_1501,1,R_LIS_SBR_NOVA,1501,1501,FLEET_COMMAND,B,NODE_DIRECT,DEFESA_JNOVA_1501|SUBRAHMANYAM_PEA,"Partida documental em 05/03/1501. A chegada diária a São Brás não é normalizada como observação; a perna usa timing de simulação até que evidência superior sustente maior precisão."
EXP_JOAO_NOVA_1501,2,R_SBR_KIL_NOVA,1501,1501,FLEET_COMMAND,B,NODE_DIRECT,DEFESA_JNOVA_1501,"Após adquirir o aviso de Cabral em São Brás, a armada segue para Quiloa; sequência firme, timing diário não resolvido."
EXP_JOAO_NOVA_1501,3,R_KIL_MAL_NOVA,1501,1501,FLEET_COMMAND,B,NODE_DIRECT,DEFESA_JNOVA_1501|SUBRAHMANYAM_PEA,"Quiloa precede Melinde na sequência oficial; a costa oriental africana é situada em agosto, sem datas diárias seguras por escala."
EXP_JOAO_NOVA_1501,4,R_MAL_ANJ_NOVA,1501,1501,FLEET_COMMAND,B,NODE_DIRECT,DEFESA_JNOVA_1501|SUBRAHMANYAM_PEA,"Travessia para Anjediva; a chegada à Índia é defensável em nível mensal, não diário."
EXP_JOAO_NOVA_1501,5,R_ANJ_CAN_NOVA,1501,1501,FLEET_COMMAND,B,NODE_DIRECT,DEFESA_JNOVA_1501|EVE_CANNANORE,"Cananor é alcançada antes de Cochim; a chegada não cria feitoria automaticamente."
EXP_JOAO_NOVA_1501,6,R_CAN_COC_NOVA,1501,1501,FLEET_COMMAND,B,NODE_DIRECT,DEFESA_JNOVA_1501|EVE_CANNANORE,"A armada prossegue de Cananor a Cochim para carregar especiarias, evitando Calecute após a informação adquirida em São Brás."
EXP_JOAO_NOVA_1501,7,R_COC_CAN_NOVA,1501,1501,FLEET_COMMAND,B,NODE_DIRECT,DEFESA_JNOVA_1501|EVE_CANNANORE,"Retorno a Cananor antes da torna-viagem; 30/12/1501 é marco firme da presença em Cananor, não data derivada desta perna."
